Comment,Designator,Footprint,LCSC, LCSC, MFG,MFG#, Vend1,Vend1#
"Battery_Cell","BT1","rusEFI_Modules:BATT_CR2032_MPD",""
"6.8n","C1,C2,C3,C4","Capacitor_SMD:C_0603_1608Metric","","C1631","KE MET,C0603C682K1RACTU","DIGI,399-3187-1-ND"
"0.1u","C5","Capacitor_SMD:C_0805_2012Metric","","C49678","",""
"1u","C6","Capacitor_SMD:C_0805_2012Metric","","C28323","",""
"D_Schottky","D13,D15,D17,D19,D21,D23,D25,D27,D30,D29,D31,D1,D2,D9,D10,D5,D6,D11,D12","Diode_SMD:D_SMF","","C64898","DIODES_INC,SBR2U60S1F","DIGI,SBR2U60S1F-7DICT-ND"
"LED","D14,D18,D20,D22,D24,D26,D28,D16,D32,D4,D3,D8,D7","LED_SMD:LED_0603_1608Metric","","C2286","DIALIGHT,598-8010-107F","DIGI,350-2029-1-ND"
"Disclaimer","G1","rusEFI_Modules:Off_Road_Disclaimer",""
"Conn_01x01","J40,J39,J38,J37,J36,J41","TestPoint:TestPoint_Pad_4.0x4.0mm",""
"Conn_01x05","J51","Connector_PinSocket_2.54mm:PinSocket_1x04_P2.54mm_Vertical",""
"Conn_01x05","J7,J801,J802,J201,J202","Connector_PinSocket_2.54mm:PinSocket_1x05_P2.54mm_Vertical",""
"Conn_02x11_Odd_Even","JA1,JA2,JA3,JA4,JA5,JA6,JA7,JA8,JA9,JA10,JA11,JA12,JA13,JA14,JA15,JA16","Connector_PinHeader_2.54mm:PinHeader_2x11_P2.54mm_Vertical",""
"Conn_01x01","Jlin1,J24,J25,J26,J27,J28,J29,J30,J31,J32,J33,J34,J35,J2,J56,J45,J46,J47,J48,J49,J58,J71,J72,J62,J63,J64,J67,J68,J69,J70,J57,J65,J6,J18,J9,J10,J11,J16,J14,J53,J52,J42","Connector_PinHeader_2.54mm:PinHeader_1x01_P2.54mm_Vertical",""
"LOGO","LOGO1","rusEFI_Modules:LOGO",""
"LOGO","LOGO2","rusEFI_Modules:JLC_PCB_TAG",""
"LOGO","LOGO3","Symbol:OSHW-Logo2_7.3x6mm_SilkScreen",""
"1123038-2","P1","rusEFI_Modules:963356-1",""
"1k","R1,R2,R6,R5,R7,R8,R12,R11","Resistor_SMD:R_0603_1608Metric","","C21190","YAGEO,RC0603JR-071KL","DIGI,311-1.0KGRCT-ND"
"10k","R4,R3,R10,R9","Resistor_SMD:R_0603_1608Metric","","C25804","YAGEO,RC0603JR-0710KL","DIGI,311-10KGRCT-ND"
"10k","RN2,RN3,RN1","Resistor_SMD:R_Array_Convex_4x0603","","C29718","YAGEO,YC164-JR-0710KL","DIGI,YC164J-10KCT-ND"
"VNLD5090","U1,U2","Package_SO:SO-8_3.9x4.9mm_P1.27mm","","C377942","ST,VNLD5090TR-E","DIGI,497-14323-1-ND"
"molex_48pin_MRE","U3","rusEFI_Modules:Molex_48_MRE",""
"ITEAD_HC-05","U4","rusEFI_Modules:ITEAD_HC-05",""
"TestPoint_2Pole","W23,W54,W58,W60,W61,W62,W63,W64,W65,W66,W67,W68,W59,W57,W56,W55,W39,W43,W45,W46,W47,W48,W49,W50,W51,W52,W53,W44,W42,W41,W40,W24,W28,W30,W31,W32,W33,W34,W35,W36,W37,W38,W29,W27,W26,W25,W8,W12,W14,W15,W16,W17,W18,W19,W20,W21,W22,W13,W11,W10,W9,W2,W6,W7,W5,W4,W3,W1","rusEFI_Modules:SM0805_jumper","","C17477","",""